Id;FirstName;LastName;FullName;JobTitle;JobType;Email;Gender;HourlyRate;EmploymentType
0;Lillian;Schumm;Lillian Schumm;Customer Accounts Planner;Architect;Lillian_Schumm@gmail.com;Female;7;HalfTime
1;Ricardo;Kemmer;Ricardo Kemmer;Senior Group Associate;Planner;Ricardo48@yahoo.com;Female;13;FullTime
2;Lauren;Heathcote;Lauren Heathcote;Future Data Architect;Assistant;Lauren_Heathcote@gmail.com;Female;13;HalfTime
3;Lillian;Heathcote;Lillian Heathcote;Dynamic Optimization Director;Director;Lillian.Heathcote21@yahoo.com;Male;12;FullTime
4;Billie;Johnston;Billie Johnston;Forward Web Specialist;Developer;Billie.Johnston43@gmail.com;Female;6;HalfTime
5;Ted;Goldner;Ted Goldner;Principal Mobility Administrator;Strategist;Ted_Goldner@gmail.com;Male;13;FullTime
6;Edmund;Lueilwitz;Edmund Lueilwitz;Senior Interactions Liaison;Assistant;Edmund97@yahoo.com;Male;16;HalfTime
7;Drew;Rau;Drew Rau;Lead Accountability Orchestrator;Analyst;Drew_Rau@hotmail.com;Male;14;HalfTime
8;Sara;Becker;Sara Becker;Direct Identity Specialist;Officer;Sara71@yahoo.com;Male;16;HalfTime
9;Steven;Zulauf;Steven Zulauf;Corporate Program Facilitator;Engineer;Steven57@yahoo.com;Male;17;FullTime
10;Ethel;Murazik;Ethel Murazik;Corporate Paradigm Executive;Facilitator;Ethel_Murazik@hotmail.com;Male;15;HalfTime
11;Jeremy;Hyatt;Jeremy Hyatt;Chief Infrastructure Consultant;Administrator;Jeremy.Hyatt37@hotmail.com;Male;7;HalfTime
12;Erica;Fisher;Erica Fisher;Corporate Data Strategist;Strategist;Erica52@yahoo.com;Male;5;HalfTime
13;Elias;Grady;Elias Grady;Customer Quality Technician;Representative;Elias.Grady46@gmail.com;Male;17;HalfTime
14;Jan;Harris;Jan Harris;Future Directives Associate;Officer;Jan80@gmail.com;Male;7;FullTime
15;Jacquelyn;Schmitt;Jacquelyn Schmitt;Lead Configuration Strategist;Executive;Jacquelyn98@hotmail.com;Male;17;HalfTime
16;Martin;Aufderhar;Martin Aufderhar;Direct Functionality Representative;Representative;Martin.Aufderhar82@yahoo.com;Female;19;HalfTime
17;Grace;Watsica;Grace Watsica;Dynamic Interactions Analyst;Facilitator;Grace13@gmail.com;Male;17;FullTime
18;Amelia;Beer;Amelia Beer;Direct Implementation Associate;Supervisor;Amelia.Beer@gmail.com;Male;19;HalfTime
19;Santiago;Wilkinson;Santiago Wilkinson;Internal Security Liaison;Liaison;Santiago.Wilkinson61@yahoo.com;Male;5;FullTime
20;Leo;Bayer;Leo Bayer;International Accountability Analyst;Assistant;Leo28@hotmail.com;Male;6;HalfTime
21;Essie;Oberbrunner;Essie Oberbrunner;Dynamic Accounts Architect;Representative;Essie_Oberbrunner@gmail.com;Female;19;FullTime
22;Franklin;Kilback;Franklin Kilback;Direct Data Orchestrator;Engineer;Franklin.Kilback36@yahoo.com;Male;11;FullTime
23;Herbert;Kertzmann;Herbert Kertzmann;Regional Implementation Coordinator;Specialist;Herbert.Kertzmann@yahoo.com;Female;20;FullTime
24;Genevieve;Boyer;Genevieve Boyer;Senior Branding Representative;Specialist;Genevieve3@hotmail.com;Male;20;HalfTime
25;Enrique;Altenwerth;Enrique Altenwerth;Dynamic Data Technician;Architect;Enrique.Altenwerth5@yahoo.com;Female;9;FullTime
26;Alvin;Heller;Alvin Heller;Dynamic Integration Facilitator;Architect;Alvin19@gmail.com;Male;12;HalfTime
27;Omar;Harvey;Omar Harvey;Lead Response Strategist;Coordinator;Omar_Harvey46@hotmail.com;Male;13;HalfTime
28;Woodrow;Wehner;Woodrow Wehner;International Integration Executive;Executive;Woodrow98@yahoo.com;Male;7;HalfTime
29;Joyce;Jenkins;Joyce Jenkins;Product Brand Orchestrator;Executive;Joyce.Jenkins63@hotmail.com;Male;9;FullTime
30;Frances;O'Hara;Frances O'Hara;Future Interactions Director;Facilitator;Frances96@hotmail.com;Female;13;HalfTime
31;Jack;Schmidt;Jack Schmidt;Product Factors Associate;Facilitator;Jack_Schmidt63@yahoo.com;Female;5;FullTime
32;Irma;O'Reilly;Irma O'Reilly;Customer Paradigm Executive;Administrator;Irma80@hotmail.com;Female;18;FullTime
33;Marilyn;Lubowitz;Marilyn Lubowitz;Global Optimization Architect;Officer;Marilyn61@hotmail.com;Female;13;HalfTime
34;Kristi;West;Kristi West;Dynamic Marketing Consultant;Officer;Kristi0@hotmail.com;Male;6;FullTime
35;Orlando;Labadie;Orlando Labadie;Direct Implementation Director;Administrator;Orlando30@gmail.com;Female;17;HalfTime
36;Eva;Harvey;Eva Harvey;Corporate Response Analyst;Assistant;Eva_Harvey90@hotmail.com;Female;14;FullTime
37;Allen;Sporer;Allen Sporer;Regional Research Consultant;Analyst;Allen1@yahoo.com;Female;15;FullTime
38;Janie;Dickinson;Janie Dickinson;National Branding Planner;Orchestrator;Janie61@hotmail.com;Female;7;FullTime
39;Martha;Wisozk;Martha Wisozk;Legacy Security Facilitator;Officer;Martha87@gmail.com;Male;19;FullTime
40;Betsy;Powlowski;Betsy Powlowski;Global Group Specialist;Assistant;Betsy15@yahoo.com;Male;12;HalfTime
41;Johanna;Kovacek;Johanna Kovacek;Dynamic Tactics Specialist;Designer;Johanna92@hotmail.com;Male;10;FullTime
42;Mae;Pagac;Mae Pagac;Regional Accountability Supervisor;Supervisor;Mae0@yahoo.com;Female;15;FullTime
43;Alma;Halvorson;Alma Halvorson;Principal Branding Strategist;Architect;Alma87@yahoo.com;Male;12;HalfTime
44;Muriel;Ankunding;Muriel Ankunding;Future Quality Technician;Consultant;Muriel_Ankunding@gmail.com;Female;15;FullTime
45;Glen;Fritsch;Glen Fritsch;Principal Optimization Associate;Executive;Glen_Fritsch@hotmail.com;Female;16;HalfTime
46;Cristina;Huels;Cristina Huels;Global Group Orchestrator;Manager;Cristina_Huels@hotmail.com;Female;6;FullTime
47;Cornelius;Bergstrom;Cornelius Bergstrom;Corporate Directives Strategist;Representative;Cornelius59@hotmail.com;Female;13;FullTime
48;Eloise;Osinski;Eloise Osinski;Product Assurance Assistant;Producer;Eloise.Osinski51@hotmail.com;Female;14;HalfTime
49;Jason;Schowalter;Jason Schowalter;Senior Group Orchestrator;Specialist;Jason_Schowalter10@yahoo.com;Male;10;HalfTime
50;Brandi;Wolf;Brandi Wolf;Global Data Orchestrator;Designer;Brandi77@hotmail.com;Male;6;HalfTime
51;Tracey;Casper;Tracey Casper;Human Division Architect;Architect;Tracey.Casper43@yahoo.com;Male;18;FullTime
52;Lester;Funk;Lester Funk;Senior Operations Developer;Assistant;Lester_Funk85@yahoo.com;Female;15;HalfTime
53;Olivia;Keebler;Olivia Keebler;Direct Paradigm Liaison;Planner;Olivia_Keebler73@gmail.com;Female;10;HalfTime
54;Catherine;Kub;Catherine Kub;Human Identity Representative;Analyst;Catherine8@hotmail.com;Male;8;HalfTime
55;Corey;O'Hara;Corey O'Hara;Central Quality Administrator;Coordinator;Corey.OHara@hotmail.com;Female;13;HalfTime
56;Melba;Watsica;Melba Watsica;Internal Tactics Planner;Orchestrator;Melba_Watsica85@hotmail.com;Female;5;HalfTime
57;Al;Koelpin;Al Koelpin;Product Creative Liaison;Associate;Al18@gmail.com;Female;10;HalfTime
58;Conrad;Durgan;Conrad Durgan;Lead Paradigm Designer;Representative;Conrad_Durgan@gmail.com;Male;20;HalfTime
59;Rick;Shanahan;Rick Shanahan;Forward Intranet Consultant;Planner;Rick19@gmail.com;Male;13;FullTime
60;Barbara;Denesik;Barbara Denesik;Future Tactics Specialist;Supervisor;Barbara2@gmail.com;Female;9;FullTime
61;Cathy;Bergstrom;Cathy Bergstrom;District Group Coordinator;Manager;Cathy.Bergstrom19@hotmail.com;Male;11;FullTime
62;Ralph;Hackett;Ralph Hackett;Chief Implementation Strategist;Supervisor;Ralph_Hackett85@gmail.com;Female;20;HalfTime
63;Vivian;Zulauf;Vivian Zulauf;Customer Accounts Coordinator;Facilitator;Vivian.Zulauf@yahoo.com;Male;10;HalfTime
64;Derek;Swift;Derek Swift;Investor Factors Assistant;Designer;Derek_Swift8@yahoo.com;Male;10;FullTime
65;Geraldine;Feest;Geraldine Feest;Senior Operations Technician;Supervisor;Geraldine99@hotmail.com;Female;13;FullTime
66;Naomi;McClure;Naomi McClure;Chief Accounts Director;Assistant;Naomi70@yahoo.com;Male;9;FullTime
67;Helen;Mosciski;Helen Mosciski;Lead Communications Technician;Facilitator;Helen_Mosciski72@hotmail.com;Male;19;HalfTime
68;Adam;Emard;Adam Emard;Global Response Designer;Developer;Adam_Emard64@gmail.com;Female;17;FullTime
69;Todd;Watsica;Todd Watsica;Forward Brand Facilitator;Technician;Todd_Watsica@gmail.com;Female;6;FullTime
70;Everett;Green;Everett Green;Product Accountability Assistant;Engineer;Everett_Green@yahoo.com;Female;18;HalfTime
71;Jonathan;Murazik;Jonathan Murazik;Dynamic Operations Administrator;Executive;Jonathan.Murazik@gmail.com;Male;12;FullTime
72;Philip;Ryan;Philip Ryan;Chief Branding Agent;Planner;Philip30@yahoo.com;Female;19;HalfTime
73;Erica;Bashirian;Erica Bashirian;Human Accounts Representative;Representative;Erica57@hotmail.com;Female;13;FullTime
74;Jean;Lubowitz;Jean Lubowitz;Senior Brand Producer;Architect;Jean22@hotmail.com;Female;19;FullTime
75;Leah;Medhurst;Leah Medhurst;International Infrastructure Producer;Analyst;Leah47@hotmail.com;Male;5;FullTime
76;Kenneth;Pollich;Kenneth Pollich;Regional Functionality Director;Director;Kenneth88@gmail.com;Male;17;HalfTime
77;Kristopher;Wunsch;Kristopher Wunsch;District Branding Technician;Technician;Kristopher_Wunsch@hotmail.com;Female;20;HalfTime
78;Delia;Schinner;Delia Schinner;Product Communications Representative;Architect;Delia.Schinner58@gmail.com;Male;6;FullTime
79;Ida;Langosh;Ida Langosh;International Tactics Producer;Coordinator;Ida.Langosh18@gmail.com;Female;19;HalfTime
80;Toby;Turcotte;Toby Turcotte;Regional Division Administrator;Planner;Toby18@yahoo.com;Female;12;FullTime
81;Rudy;Block;Rudy Block;Regional Factors Assistant;Manager;Rudy.Block@yahoo.com;Female;13;HalfTime
82;Maryann;Will;Maryann Will;Central Functionality Engineer;Liaison;Maryann88@hotmail.com;Female;11;HalfTime
83;Mae;Schmitt;Mae Schmitt;Corporate Creative Engineer;Supervisor;Mae94@hotmail.com;Female;10;HalfTime
84;Kent;Moen;Kent Moen;National Mobility Analyst;Coordinator;Kent_Moen95@hotmail.com;Female;9;FullTime
85;Casey;Reichel;Casey Reichel;Lead Data Planner;Engineer;Casey.Reichel84@hotmail.com;Female;18;FullTime
86;Dewey;Gottlieb;Dewey Gottlieb;Chief Branding Administrator;Producer;Dewey91@gmail.com;Male;5;FullTime
87;Ben;Rosenbaum;Ben Rosenbaum;Human Branding Associate;Assistant;Ben0@yahoo.com;Male;6;FullTime
88;Olive;Kunde;Olive Kunde;Investor Quality Analyst;Supervisor;Olive.Kunde48@gmail.com;Female;7;FullTime
89;Amanda;Bergnaum;Amanda Bergnaum;National Integration Liaison;Strategist;Amanda_Bergnaum@gmail.com;Male;10;HalfTime
90;Jermaine;Kuhn;Jermaine Kuhn;Future Interactions Liaison;Orchestrator;Jermaine_Kuhn12@hotmail.com;Female;11;FullTime
91;Brandi;McClure;Brandi McClure;Direct Interactions Engineer;Manager;Brandi.McClure@gmail.com;Male;19;FullTime
92;Ollie;Stoltenberg;Ollie Stoltenberg;Corporate Group Officer;Coordinator;Ollie_Stoltenberg@gmail.com;Female;8;HalfTime
93;Inez;Leannon;Inez Leannon;Regional Factors Architect;Director;Inez87@yahoo.com;Male;20;FullTime
94;Edwin;Price;Edwin Price;International Identity Specialist;Coordinator;Edwin.Price@gmail.com;Female;20;HalfTime
95;Colin;Muller;Colin Muller;Investor Data Administrator;Administrator;Colin.Muller@hotmail.com;Female;17;HalfTime
96;Rick;Hane;Rick Hane;Forward Creative Analyst;Specialist;Rick_Hane47@hotmail.com;Female;5;HalfTime
97;Ken;Block;Ken Block;Dynamic Security Producer;Architect;Ken25@gmail.com;Male;17;FullTime
98;Brett;Schulist;Brett Schulist;Customer Implementation Director;Executive;Brett70@gmail.com;Female;12;FullTime
99;Terri;Zulauf;Terri Zulauf;Customer Quality Planner;Executive;Terri.Zulauf@gmail.com;Female;5;HalfTime

